{"cameraMode":{"drawMode":0,"name":"Shaded","section":"Shading Mode"},"sceneLighting":true,"audioPlay":false,"sceneViewState":{"showFog":true,"showMaterialUpdate":false,"showSkybox":true,"showFlares":true,"showImageEffects":true,"showParticleSystems":true},"in2DMode":false,"pivot":{"x":-0.8012176156044006,"y":1.5059281587600709,"z":0.8670342564582825},"rotation":{"x":-0.3777368664741516,"y":-0.6217164993286133,"z":0.4683285653591156,"w":-0.5014973878860474},"size":0.9055215716362,"orthographic":false}