{"cameraMode":{"drawMode":0,"name":"Shaded","section":"Shading Mode"},"sceneLighting":true,"audioPlay":false,"sceneViewState":{"showFog":true,"showMaterialUpdate":false,"showSkybox":true,"showFlares":true,"showImageEffects":true,"showParticleSystems":true},"in2DMode":false,"pivot":{"x":1.1577887535095215,"y":1.6182193756103516,"z":2.467754364013672},"rotation":{"x":0.026703188195824624,"y":-0.9522746801376343,"z":0.2913596034049988,"w":0.08745581656694412},"size":7.684731960296631,"orthographic":false}